"","week","month","year","County","AQI_Weekly_Measurement","City","Weather_TMAX","Weather_TMIN","Weather_AWND","Weather_PRCP","avg_weekday_rides","avg_saturday_rides","avg_sunday_holiday_rides","Pollution_pm25","Pollution_o3","traffic_taxi_trip_miles","traffic_taxi_trip_totals","traffic_rideshare_miles","traffic_speed","traffic_bus_count"
"1",1,1,2018,"Cook",9.62651296829971,"Chicago",14.6666666666667,-0.523809523809524,10.822380952381,0.00285714285714286,5747.62598425197,3250.55354330709,2213.89921259843,37.7142857142857,18.7142857142857,2.43572,12.77078,NA,NA,NA
"2",1,1,2019,"Cook",9.31444759206799,"Chicago",43.5714285714286,30.4285714285714,9.78857142857143,0.0604761904761905,5215.42063492064,2968.97619047619,2214.43015873016,NA,17,2.41248,14.25623,NA,NA,NA
"3",1,1,2020,"Cook",7.49961904761905,"Chicago",42.0952380952381,28.2380952380952,10.1519047619048,0.0019047619047619,5956.0168,3047.0928,2302.7584,22.8333333333333,NA,2.53537,14.34805,5.993556662,NA,NA
"4",1,1,2021,"Cook",16.980790960452,"Chicago",35.6666666666667,27.4285714285714,7.2647619047619,0.0528571428571429,2147.44435483871,1544.74193548387,1072.21451612903,49,NA,5.50142,20.96997,NA,NA,NA
"5",2,1,2018,"Cook",11.8994535519126,"Chicago",35.8095238095238,19.3809523809524,12.2828571428571,0.0385714285714286,NA,NA,NA,37.4285714285714,18.8571428571429,NA,NA,NA,NA,NA
"6",2,1,2019,"Cook",10.6778409090909,"Chicago",31.5238095238095,22.0952380952381,9.83285714285714,0.00952380952380952,NA,NA,NA,40.8571428571429,20.4285714285714,NA,NA,NA,NA,NA
"7",2,1,2020,"Cook",8.68543689320388,"Chicago",39.4761904761905,26.4761904761905,11.6219047619048,0.18,NA,NA,NA,26.8571428571429,NA,NA,NA,NA,NA,NA
"8",2,1,2021,"Cook",13.2302405498282,"Chicago",36.4285714285714,27.7142857142857,9.06571428571429,0.0252380952380952,NA,NA,NA,38.2857142857143,NA,NA,NA,NA,NA,NA
"9",3,1,2018,"Cook",13.6087818696884,"Chicago",33.7142857142857,19.7619047619048,10.5033333333333,0.00857142857142857,NA,NA,NA,42.4285714285714,16.8571428571429,NA,NA,NA,NA,NA
"10",3,1,2019,"Cook",7.93443526170799,"Chicago",28.0952380952381,19.1428571428571,10.8119047619048,0.0166666666666667,NA,NA,NA,37.5714285714286,21.7142857142857,NA,NA,NA,NA,NA
"11",3,1,2020,"Cook",10.4848659003831,"Chicago",30.7619047619048,13.5714285714286,10.4809523809524,0.0766666666666667,NA,NA,NA,32.7142857142857,NA,NA,NA,NA,NA,NA
"12",3,1,2021,"Cook",10.2228739002933,"Chicago",35.3809523809524,24.9047619047619,9.52238095238095,0.0214285714285714,NA,NA,NA,29.4285714285714,NA,NA,NA,NA,NA,NA
"13",4,1,2018,"Cook",9.12631578947368,"Chicago",44.2380952380952,30.952380952381,10.78,0.111904761904762,NA,NA,NA,31.8571428571429,22.8571428571429,NA,NA,NA,NA,NA
"14",4,1,2019,"Cook",13.0247126436782,"Chicago",22.2857142857143,4.19047619047619,9.41714285714286,0.079047619047619,NA,NA,NA,28.6666666666667,NA,NA,NA,NA,NA,NA
"15",4,1,2020,"Cook",12.7347744360902,"Chicago",35.1904761904762,29.6190476190476,7.66,0.0919047619047619,NA,NA,NA,40.8571428571429,NA,NA,NA,NA,NA,NA
"16",4,1,2021,"Cook",10.540782122905,"Chicago",30.8571428571429,18,9.59761904761905,0.0328571428571429,NA,NA,NA,31.8571428571429,NA,NA,NA,NA,NA,NA
"17",5,1,2018,NA,NA,NA,34,14.7619047619048,12.292380952381,0.00619047619047619,NA,NA,NA,28.6666666666667,20.3333333333333,NA,NA,NA,NA,NA
"18",5,1,2019,"Cook",13.8628895184136,"Chicago",23.5714285714286,4.85714285714286,10.437619047619,0.01,NA,NA,NA,NA,NA,NA,NA,NA,NA,NA
"19",5,1,2020,NA,NA,NA,40.1428571428571,31.5238095238095,9.26857142857143,0.0119047619047619,NA,NA,NA,46.3333333333333,NA,NA,NA,NA,NA,NA
"20",5,1,2021,NA,NA,NA,34.7,21.1,10.8595,0.073,NA,NA,NA,40,NA,NA,NA,NA,NA,NA
"21",6,2,2018,"Cook",12.5495750708215,"Chicago",21.7142857142857,9.66666666666667,8.02095238095238,0.113333333333333,NA,NA,NA,NA,21.2857142857143,NA,NA,NA,NA,NA
"22",6,2,2019,"Cook",9.2883008356546,"Chicago",30.6666666666667,18.7142857142857,9.86380952380952,0.129047619047619,NA,NA,NA,33.4285714285714,19.8571428571429,NA,NA,NA,NA,NA
"23",6,2,2020,"Cook",9.33320537428023,"Chicago",35.2857142857143,25.6190476190476,9.03285714285714,0.0219047619047619,NA,NA,NA,28.1428571428571,NA,NA,NA,NA,NA,NA
"24",6,2,2021,"Cook",11.9647564469914,"Chicago",15.7142857142857,2.28571428571429,9.57761904761905,0.010952380952381,NA,NA,NA,38.8571428571429,NA,NA,NA,NA,NA,NA
"25",7,2,2018,"Cook",17.0045845272206,"Chicago",38.7142857142857,18.2380952380952,7.88142857142857,0.0104761904761905,NA,NA,NA,NA,NA,NA,NA,NA,NA,NA
"26",7,2,2019,"Cook",8.5957264957265,"Chicago",33.1428571428571,18.5238095238095,10.8761904761905,0.0590476190476191,NA,NA,NA,35.2857142857143,26.8571428571429,NA,NA,NA,NA,NA
"27",7,2,2020,"Cook",11.8510436432638,"Chicago",34.1904761904762,14.7142857142857,9.23571428571429,0.0380952380952381,NA,NA,NA,41.1428571428571,NA,NA,NA,NA,NA,NA
"28",7,2,2021,"Cook",10.7248780487805,"Chicago",17.7333333333333,5.26666666666667,8.59,0.032,NA,NA,NA,37.1428571428571,NA,NA,NA,NA,NA,NA
"29",8,2,2018,"Cook",8.02916666666667,"Chicago",49.3809523809524,33,12.3042857142857,0.405238095238095,NA,NA,NA,29.5714285714286,21.1428571428571,NA,NA,NA,NA,NA
"30",8,2,2019,"Cook",13.750144092219,"Chicago",37.4761904761905,19.8571428571429,11.0571428571429,0.109047619047619,NA,NA,NA,53.1428571428571,28.7142857142857,NA,NA,NA,NA,NA
"31",8,2,2020,"Cook",8.55730769230769,"Chicago",40.1428571428571,23.7619047619048,11.7814285714286,0.00428571428571429,NA,NA,NA,27.4285714285714,NA,NA,NA,NA,NA,NA
"32",8,2,2021,"Cook",19.0431472081218,"Chicago",37.1428571428571,20.2857142857143,9.43666666666667,0.0328571428571429,NA,NA,NA,54,NA,NA,NA,NA,NA,NA
"33",9,2,2018,NA,NA,NA,51,33.3809523809524,9.75619047619048,0.0947619047619048,NA,NA,NA,18.6666666666667,31,NA,NA,NA,NA,NA
"34",9,2,2019,"Cook",10.3340707964602,"Chicago",27.1904761904762,13.4761904761905,9.16142857142857,0,NA,NA,NA,29.6666666666667,21.6666666666667,NA,NA,NA,NA,NA
"35",9,2,2020,"Cook",6.53606557377049,"Chicago",41.3809523809524,25.3333333333333,10.4828571428571,0.00476190476190476,NA,NA,NA,18,29.5,NA,NA,NA,NA,NA
"36",9,2,2021,"Cook",13.524,"Chicago",45.5714285714286,27.2857142857143,9.14047619047619,0.00666666666666667,NA,NA,NA,46.3333333333333,NA,NA,NA,NA,NA,NA
"37",10,3,2018,"Cook",6.06507352941177,"Chicago",38.8571428571429,26.7142857142857,9.37380952380952,0.0195238095238095,NA,NA,NA,NA,28.8571428571429,NA,NA,NA,23.75,27.5
"38",10,3,2019,"Cook",12.5015444015444,"Chicago",34.8095238095238,19.9047619047619,11.1,0.0704761904761905,NA,NA,NA,NA,30.4285714285714,NA,NA,NA,NA,NA
"39",10,3,2020,"Cook",7.26070726915521,"Chicago",52.6666666666667,33.5238095238095,12.4628571428571,0.124761904761905,NA,NA,NA,22.5714285714286,28.1428571428571,NA,NA,NA,NA,NA
"40",10,3,2021,"Cook",13.9634078212291,"Chicago",59.1904761904762,36.1904761904762,10.0452380952381,0.00952380952380952,NA,NA,NA,44.1428571428571,32.1428571428571,NA,NA,NA,NA,NA
"41",11,3,2018,"Cook",8.22664359861592,"Chicago",45.3333333333333,26.4761904761905,8.80904761904762,0.0176190476190476,NA,NA,NA,28.2857142857143,32.1428571428571,NA,NA,NA,23.6066773504274,44.7638888888889
"42",11,3,2019,"Cook",9.64058252427184,"Chicago",49.0476190476191,31.6190476190476,10.9728571428571,0.116666666666667,NA,NA,NA,32,33,NA,NA,NA,NA,NA
"43",11,3,2020,"Cook",9.27847358121331,"Chicago",45.9523809523809,33.5714285714286,9.17047619047619,0.00666666666666667,NA,NA,NA,32.5714285714286,24,NA,NA,NA,NA,NA
"44",11,3,2021,"Cook",10.6890909090909,"Chicago",45.9523809523809,33.7142857142857,11.7385714285714,0.0866666666666667,NA,NA,NA,41,27.5714285714286,NA,NA,NA,NA,NA
"45",12,3,2018,"Cook",4.79873417721519,"Chicago",41.9523809523809,28.2857142857143,12.3342857142857,0,NA,NA,NA,26.7142857142857,32.5714285714286,NA,NA,NA,24.0067741935484,28.2258064516129
"46",12,3,2019,"Cook",10.734155597723,"Chicago",47.4285714285714,32,9.01,0.0271428571428571,NA,NA,NA,45.2857142857143,31.4285714285714,NA,NA,NA,NA,NA
"47",12,3,2020,"Cook",11.0929149797571,"Chicago",47.4761904761905,32.6666666666667,7.79714285714286,0.116190476190476,NA,NA,NA,39.2857142857143,23.4285714285714,NA,NA,NA,NA,NA
"48",12,3,2021,"Cook",9.78259587020649,"Chicago",58.6666666666667,39.1904761904762,10.1733333333333,0.0519047619047619,NA,NA,NA,39.5714285714286,30.5714285714286,NA,NA,NA,NA,NA
"49",13,3,2018,"Cook",9.81342857142857,"Chicago",50.0476190476191,33.5238095238095,8.62761904761905,0.0742857142857143,NA,NA,NA,NA,NA,NA,NA,NA,23.3096,40.04
"50",13,3,2019,"Cook",8.50318091451292,"Chicago",52,30.0952380952381,10.1414285714286,0.0657142857142857,NA,NA,NA,29.3333333333333,32.8333333333333,NA,NA,NA,NA,NA
"51",13,3,2020,"Cook",8.02653846153846,"Chicago",54.4761904761905,38.5238095238095,11.0357142857143,0.217619047619048,NA,NA,NA,43.1428571428571,28,NA,NA,NA,NA,NA
"52",13,3,2021,"Cook",8.17150837988827,"Chicago",53.2857142857143,33.8095238095238,12.2919047619048,0.00238095238095238,NA,NA,NA,34,29.1666666666667,NA,NA,NA,NA,NA
"53",14,4,2018,"Cook",8.54416666666667,"Chicago",39.9047619047619,24.8571428571429,9.73619047619048,0.0347619047619048,NA,NA,NA,29.2857142857143,30.2857142857143,NA,NA,NA,NA,NA
"54",14,4,2019,"Cook",13.8541425818882,"Chicago",61.1428571428571,42.3809523809524,7.96761904761905,0.0647619047619048,NA,NA,NA,49.7142857142857,30.1428571428571,NA,NA,NA,NA,NA
"55",14,4,2020,"Cook",8.80715667311412,"Chicago",61.0952380952381,38.8095238095238,6.6047619047619,0.0457142857142857,1707.07822580645,1300.50161290323,1037.3064516129,31.5714285714286,NA,NA,NA,NA,NA,NA
"56",14,4,2021,"Cook",16.8937853107345,"Chicago",72.4761904761905,47.9047619047619,9.57571428571429,0.0466666666666667,NA,NA,NA,47.5714285714286,36,NA,NA,NA,NA,NA
"57",15,4,2018,"Cook",9.43971428571429,"Chicago",50.1904761904762,34.9047619047619,11.5361904761905,0.24952380952381,NA,NA,NA,39.4285714285714,28,NA,NA,NA,NA,NA
"58",15,4,2019,"Cook",5.34667931688805,"Chicago",51.6666666666667,35.9047619047619,13.5071428571429,0.138095238095238,NA,NA,NA,24.7142857142857,32,NA,NA,NA,NA,NA
"59",15,4,2020,"Cook",7.76065891472868,"Chicago",56.2857142857143,38.9047619047619,11.6861904761905,0.0780952380952381,NA,NA,NA,NA,NA,NA,NA,NA,NA,NA
"60",15,4,2021,"Cook",6.20197183098592,"Chicago",56.9523809523809,43.6190476190476,9.04285714285714,0.0357142857142857,NA,NA,NA,24.4285714285714,26.2857142857143,NA,NA,NA,NA,NA
"61",16,4,2018,"Cook",6.17608069164265,"Chicago",49.3809523809524,33.0952380952381,8.93571428571429,0.0333333333333333,NA,NA,NA,26.8571428571429,33,NA,NA,NA,NA,NA
"62",16,4,2019,"Cook",8.00848126232742,"Chicago",70,45.3809523809524,12.8890476190476,0.06,NA,NA,NA,27.2857142857143,38.4285714285714,NA,NA,NA,NA,NA
"63",16,4,2020,"Cook",7.47046332046332,"Chicago",52.3809523809524,33.0476190476191,10.6733333333333,0.0533333333333333,NA,NA,NA,NA,35,NA,NA,NA,NA,NA
"64",16,4,2021,"Cook",8.94289617486339,"Chicago",54.2857142857143,35.4285714285714,7.51,0.00571428571428571,NA,NA,NA,27.2857142857143,30.7142857142857,NA,NA,NA,NA,NA
"65",17,4,2018,"Cook",6.15675675675676,"Chicago",58.5238095238095,38.2380952380952,9.19333333333333,0.00285714285714286,NA,NA,NA,25,29.8571428571429,NA,NA,NA,NA,NA
"66",17,4,2019,"Cook",7.17229862475442,"Chicago",59.0476190476191,41.7619047619048,9.08714285714286,0.311428571428571,NA,NA,NA,31.1428571428571,NA,NA,NA,NA,NA,NA
"67",17,4,2020,"Cook",11.059381443299,"Chicago",59.5714285714286,41.9523809523809,8.36095238095238,0.153809523809524,NA,NA,NA,43.8571428571429,30.7142857142857,NA,NA,NA,NA,NA
"68",17,4,2021,"Cook",10.3863636363636,"Chicago",65.6666666666667,45,10.1414285714286,0.0476190476190476,NA,NA,NA,35.7142857142857,33.1428571428571,NA,NA,NA,NA,NA
"69",18,4,2018,NA,NA,NA,78.2857142857143,54.8095238095238,11.1957142857143,0.238095238095238,NA,NA,NA,20,44,NA,NA,NA,NA,NA
"70",18,4,2019,NA,NA,NA,59.5238095238095,42.3333333333333,8.26619047619048,0.362857142857143,NA,NA,NA,33,19,NA,NA,NA,NA,NA
"71",18,4,2020,NA,NA,NA,61.5714285714286,44.2857142857143,10.492380952381,0.304285714285714,NA,NA,NA,43,29,NA,NA,NA,NA,NA
"72",18,4,2021,NA,NA,NA,67.7619047619048,47.5714285714286,10.7804761904762,0.0280952380952381,NA,NA,NA,38,26,NA,NA,NA,NA,NA
"73",19,5,2018,"Cook",8.64367816091954,"Chicago",68.7142857142857,49.8571428571429,9.25619047619048,0.165714285714286,NA,NA,NA,31.2857142857143,36.1428571428571,NA,NA,NA,NA,NA
"74",19,5,2019,"Cook",5.78307692307692,"Chicago",58.5,44.2,9.652,0.204,NA,NA,NA,NA,30.4285714285714,NA,NA,NA,NA,NA
"75",19,5,2020,"Cook",5.23352380952381,"Chicago",57.2857142857143,37.6666666666667,9.41714285714286,0.0461904761904762,NA,NA,NA,29,32.1428571428571,NA,NA,NA,NA,NA
"76",19,5,2021,"Cook",5.61120448179272,"Chicago",58.4285714285714,38.3333333333333,7.17952380952381,0.0595238095238095,NA,NA,NA,22.8571428571429,29,NA,NA,NA,NA,NA
"77",20,5,2018,"Cook",7.24906832298137,"Chicago",70.4285714285714,50.6190476190476,8.07476190476191,0.274761904761905,NA,NA,NA,39.4285714285714,31.8571428571429,NA,NA,NA,NA,NA
"78",20,5,2019,"Cook",8.90322580645161,"Chicago",72.4285714285714,47.9047619047619,8.46857142857143,0.137619047619048,NA,NA,NA,47,33.8571428571429,NA,NA,NA,NA,NA
"79",20,5,2020,"Cook",6.63071017274472,"Chicago",67.9047619047619,51.3809523809524,9.36285714285714,0.94047619047619,NA,NA,NA,49.4285714285714,38,NA,NA,NA,NA,NA
"80",20,5,2021,"Cook",12.1838150289017,"Chicago",73.7619047619048,56.8095238095238,7.86142857142857,0.0242857142857143,NA,NA,NA,42.7142857142857,35.5714285714286,NA,NA,NA,NA,NA
"81",21,5,2018,"Cook",11.6201729106628,"Chicago",81.7142857142857,59.3809523809524,5.12380952380952,0.240952380952381,NA,NA,NA,38.8571428571429,50.4285714285714,NA,NA,NA,NA,NA
"82",21,5,2019,"Cook",6.92770448548813,"Chicago",73.5,55.9,9.698,0.3185,NA,NA,NA,40.7142857142857,31.2857142857143,NA,NA,NA,NA,NA
"83",21,5,2020,"Cook",7.81,"Chicago",78.4285714285714,60,7.21095238095238,0.127619047619048,NA,NA,NA,49.7142857142857,42.4285714285714,NA,NA,NA,NA,NA
"84",21,5,2021,"Cook",9.81278409090909,"Chicago",82.3809523809524,60.7619047619048,10.0238095238095,0.0933333333333333,NA,NA,NA,41,38,NA,NA,NA,NA,NA
"85",22,5,2018,"Cook",8.85142857142857,"Chicago",82.9047619047619,62.8095238095238,8.77714285714286,0.107619047619048,NA,NA,NA,NA,48,NA,NA,NA,NA,NA
"86",22,5,2019,"Cook",7.82414772727273,"Chicago",74.6190476190476,54.1904761904762,7.47857142857143,0.155238095238095,NA,NA,NA,54.5,33,NA,NA,NA,NA,NA
"87",22,5,2020,"Cook",7.17202268431002,"Chicago",79.2380952380952,59.5714285714286,9.50190476190476,0.0380952380952381,NA,NA,NA,40.2,42,NA,NA,NA,NA,NA
"88",22,5,2021,"Cook",10.5485175202156,"Chicago",70.5238095238095,48.9047619047619,7.90380952380952,0.0766666666666667,NA,NA,NA,26.75,36.25,NA,NA,NA,NA,NA
"89",23,6,2018,"Cook",7.56394366197183,"Chicago",76.3809523809524,56.4761904761905,7.71238095238095,0.426190476190476,NA,NA,NA,29.7142857142857,36,NA,NA,NA,NA,NA
"90",23,6,2019,"Cook",9.62535211267606,"Chicago",78.2857142857143,58.3809523809524,8.53285714285714,0.111428571428571,NA,NA,NA,56.1428571428571,38.8571428571429,NA,NA,NA,NA,NA
"91",23,6,2020,"Cook",8.44457364341085,"Chicago",85.2857142857143,65.1428571428571,8.62809523809524,0.0561904761904762,NA,NA,NA,43.1428571428571,NA,NA,NA,NA,NA,NA
"92",23,6,2021,"Cook",8.99788461538462,"Chicago",88.8095238095238,70.1904761904762,8.20285714285714,0.0019047619047619,NA,NA,NA,39.4285714285714,41,NA,NA,NA,NA,NA
"93",24,6,2018,"Cook",11.21388101983,"Chicago",83.9523809523809,65.6190476190476,7.43428571428571,0.122857142857143,NA,NA,NA,41,45.1428571428571,NA,NA,NA,NA,NA
"94",24,6,2019,"Cook",7.69464788732394,"Chicago",72,53.8571428571429,9.40714285714286,0.157619047619048,NA,NA,NA,50.7142857142857,30.4285714285714,NA,NA,NA,NA,NA
"95",24,6,2020,"Cook",6.96744186046512,"Chicago",76.2857142857143,55.9047619047619,9.53428571428571,0.0361904761904762,NA,NA,NA,30.1428571428571,NA,NA,NA,NA,NA,NA
"96",24,6,2021,"Cook",8.26660268714011,"Chicago",85.1428571428571,63.3809523809524,7.18904761904762,0.123333333333333,NA,NA,NA,39,41.2857142857143,NA,NA,NA,NA,NA
"97",25,6,2018,"Cook",8.28477011494253,"Chicago",77.9047619047619,63.3809523809524,8.95761904761905,0.440952380952381,NA,NA,NA,39.5714285714286,34.2857142857143,NA,NA,NA,NA,NA
"98",25,6,2019,"Cook",9.10996563573883,"Chicago",76.2380952380952,58.1904761904762,7.88285714285714,0.153809523809524,NA,NA,NA,57.8571428571429,30.1428571428571,NA,NA,NA,NA,NA
"99",25,6,2020,"Cook",11.5874762808349,"Chicago",87.45,66.4,6.722,0.168,NA,NA,NA,53.8571428571429,NA,NA,NA,NA,NA,NA
"100",25,6,2021,"Cook",7.36770833333333,"Chicago",81.3333333333333,62.4761904761905,10.0557142857143,0.267619047619048,NA,NA,NA,33.8571428571429,41.5714285714286,NA,NA,NA,NA,NA
"101",26,6,2018,"Cook",11.1319444444444,"Chicago",87.1904761904762,70,8.99047619047619,0.168571428571429,NA,NA,NA,37.3333333333333,41.6666666666667,NA,NA,NA,NA,NA
"102",26,6,2019,"Cook",9.54169096209912,"Chicago",88.9047619047619,68.3333333333333,6.79571428571429,0.0785714285714286,NA,NA,NA,46.5,47.5,NA,NA,NA,NA,NA
"103",26,6,2020,"Cook",9.60384615384615,"Chicago",86.1904761904762,68.0476190476191,6.47714285714286,0.275714285714286,NA,NA,NA,43.7142857142857,NA,NA,NA,NA,NA,NA
"104",26,6,2021,"Cook",5.75747126436782,"Chicago",81.5714285714286,68.0476190476191,8.80952380952381,0.501428571428571,NA,NA,NA,NA,25.6666666666667,NA,NA,NA,NA,NA
"105",27,7,2018,"Cook",8.465625,"Chicago",86.25,66.8,6.979,0.07,NA,NA,NA,43.2857142857143,44.2857142857143,NA,NA,NA,NA,NA
"106",27,7,2019,"Cook",12.8423076923077,"Chicago",86.6666666666667,68.9523809523809,8.23333333333333,0.126190476190476,NA,NA,NA,65.8571428571429,39,NA,NA,NA,NA,NA
"107",27,7,2020,"Cook",15.0110465116279,"Chicago",91.2380952380952,71.2380952380952,5.51761904761905,0.0233333333333333,2468.25483870968,1740.87983870968,1482.89516129032,62,NA,NA,NA,NA,NA,NA
"108",27,7,2021,"Cook",11.8251439539347,"Chicago",84.3809523809524,66.4761904761905,8.60666666666667,0,NA,NA,NA,51.7142857142857,33,NA,NA,NA,NA,NA
"109",28,7,2018,"Cook",12.8465909090909,"Chicago",88.2380952380952,70.2380952380952,6.75333333333333,0.0280952380952381,NA,NA,NA,40.1428571428571,50.1428571428571,NA,NA,NA,NA,NA
"110",28,7,2019,"Cook",11.0609686609687,"Chicago",89.9047619047619,68.4285714285714,7.99904761904762,0.00714285714285714,NA,NA,NA,57.7142857142857,45.1428571428571,NA,NA,NA,NA,NA
"111",28,7,2020,"Cook",7.76204933586338,"Chicago",86.2857142857143,69.3809523809524,7.70095238095238,0.119047619047619,NA,NA,NA,36.4285714285714,NA,NA,NA,NA,NA,NA
"112",28,7,2021,"Cook",8.09212007504691,"Chicago",77.4761904761905,65.3333333333333,8.64952380952381,0.137619047619048,NA,NA,NA,40.5714285714286,28.5714285714286,NA,NA,NA,NA,NA
"113",29,7,2018,"Cook",7.65694050991501,"Chicago",82.0952380952381,67.5714285714286,9.42571428571429,0.0971428571428571,NA,NA,NA,29.8571428571429,35.1428571428571,NA,NA,NA,NA,NA
"114",29,7,2019,"Cook",8.90509915014164,"Chicago",87.6,72.4,9.529,0.55,NA,NA,NA,54,NA,NA,NA,NA,NA,NA
"115",29,7,2020,"Cook",8.06242774566474,"Chicago",86.5238095238095,69.8095238095238,8.48952380952381,0.146666666666667,NA,NA,NA,35.1428571428571,NA,NA,NA,NA,NA,NA
"116",29,7,2021,"Cook",16.0919847328244,"Chicago",81.1428571428571,65.0952380952381,7.43571428571429,0.00476190476190476,NA,NA,NA,52.2857142857143,38.4285714285714,NA,NA,NA,NA,NA
"117",30,7,2018,"Cook",8.25555555555556,"Chicago",83.0476190476191,64.4285714285714,6.63619047619048,0.00476190476190476,NA,NA,NA,31.4285714285714,36.5714285714286,NA,NA,NA,NA,NA
"118",30,7,2019,"Cook",11.783286908078,"Chicago",85.0952380952381,66.9523809523809,8.30952380952381,0.05,NA,NA,NA,37.8571428571429,36.5714285714286,NA,NA,NA,NA,NA
"119",30,7,2020,"Cook",7.26322957198444,"Chicago",88.2380952380952,69.2857142857143,7.92571428571429,0.0195238095238095,NA,NA,NA,31.5714285714286,37.7142857142857,NA,NA,NA,NA,NA
"120",30,7,2021,"Cook",19.7659003831418,"Chicago",90.3809523809524,71.2857142857143,7.63714285714286,0.131428571428571,NA,NA,NA,66.5714285714286,45.2857142857143,NA,NA,NA,NA,NA
"121",31,7,2018,"Cook",11.6482954545455,"Chicago",87.3809523809524,67.3809523809524,7.62761904761905,0.01,NA,NA,NA,39.5,44,NA,NA,NA,NA,NA
"122",31,7,2019,NA,NA,NA,83.5714285714286,64.0952380952381,6.02952380952381,0,NA,NA,NA,37.5,22,NA,NA,NA,NA,NA
"123",31,7,2020,NA,NA,NA,81,66,8.85238095238095,0.0495238095238095,NA,NA,NA,25,32.6666666666667,NA,NA,NA,NA,NA
"124",31,7,2021,NA,NA,NA,80.3809523809524,62.3809523809524,6.39142857142857,0,NA,NA,NA,46.5,31,NA,NA,NA,NA,NA
"125",32,8,2018,"Cook",10.7486187845304,"Chicago",85.8095238095238,68.9523809523809,5.88047619047619,0.251428571428571,NA,NA,NA,37.4285714285714,36.7142857142857,NA,NA,NA,NA,NA
"126",32,8,2019,"Cook",9.28803418803419,"Chicago",85.1428571428571,67.1428571428571,6.42285714285714,0.0857142857142857,NA,NA,NA,45.2857142857143,40.1428571428571,NA,NA,NA,NA,NA
"127",32,8,2020,"Cook",8.9534749034749,"Chicago",85.3809523809524,64.9523809523809,7.04142857142857,0.0728571428571429,NA,NA,NA,35.2857142857143,38,NA,NA,NA,NA,NA
"128",32,8,2021,"Cook",13.9191897654584,"Chicago",87.8571428571429,70.1428571428571,9.89666666666667,0.231428571428571,NA,NA,NA,52.1428571428571,34.7142857142857,NA,NA,NA,NA,NA
"129",33,8,2018,"Cook",15.2495677233429,"Chicago",85.8571428571429,69.3809523809524,5.27285714285714,0.0942857142857143,NA,NA,NA,64,NA,NA,NA,NA,NA,NA
"130",33,8,2019,"Cook",8.4292899408284,"Chicago",82.5714285714286,66.3809523809524,6.32809523809524,0.206190476190476,NA,NA,NA,42.5714285714286,34.5714285714286,NA,NA,NA,NA,NA
"131",33,8,2020,"Cook",8.57476099426386,"Chicago",85.0476190476191,66.4761904761905,6.14666666666667,0.0223809523809524,NA,NA,NA,39.8571428571429,35.5714285714286,NA,NA,NA,NA,NA
"132",33,8,2021,"Cook",9.3868978805395,"Chicago",82.5238095238095,66.0476190476191,5.36857142857143,0.00285714285714286,NA,NA,NA,43.5714285714286,40.2857142857143,NA,NA,NA,NA,NA
"133",34,8,2018,"Cook",14.3281138790036,"Chicago",81.6666666666667,64.9047619047619,8.78809523809524,0.154761904761905,NA,NA,NA,66.4285714285714,35.4285714285714,NA,NA,NA,23.935,23.5
"134",34,8,2019,"Cook",6.5112676056338,"Chicago",77.5238095238095,63.9047619047619,7.89285714285714,0.222380952380952,NA,NA,NA,34.7142857142857,27.7142857142857,NA,NA,NA,NA,NA
"135",34,8,2020,"Cook",10.0812030075188,"Chicago",88.7619047619048,66.6666666666667,5.94333333333333,0.0680952380952381,NA,NA,NA,36.5714285714286,33.2857142857143,NA,NA,NA,NA,NA
"136",34,8,2021,"Cook",9.58721804511278,"Chicago",89.6666666666667,70.5238095238095,6.70047619047619,0.209047619047619,NA,NA,NA,47,45.7142857142857,NA,NA,NA,NA,NA
"137",35,8,2018,NA,NA,NA,85.4285714285714,67.8571428571429,9.67333333333333,0.393333333333333,NA,NA,NA,74,NA,NA,NA,NA,NA,NA
"138",35,8,2019,"Cook",6.99461756373938,"Chicago",78.3333333333333,60.9047619047619,8.14952380952381,0.0733333333333333,NA,NA,NA,32.6,30.6,NA,NA,NA,NA,NA
"139",35,8,2020,"Cook",9.05916666666667,"Chicago",86.1904761904762,69.6190476190476,9.02238095238095,0.04,NA,NA,NA,45.1666666666667,27.6666666666667,NA,NA,NA,NA,NA
"140",35,8,2021,NA,NA,NA,85.2857142857143,68.6666666666667,7.72190476190476,0.0476190476190476,NA,NA,NA,46.6,43.2,NA,NA,NA,NA,NA
"141",36,9,2018,"Cook",4.77065217391304,"Chicago",78.4285714285714,66.4761904761905,11.292380952381,0.314285714285714,NA,NA,NA,NA,NA,NA,NA,NA,NA,NA
"142",36,9,2019,"Cook",6.72234636871508,"Chicago",74.2857142857143,60.8571428571429,8.0852380952381,0.039047619047619,NA,NA,NA,39.5714285714286,23.1428571428571,NA,NA,NA,NA,NA
"143",36,9,2020,"Cook",7.34114285714286,"Chicago",80.7619047619048,61.7142857142857,10.9595238095238,0.235238095238095,NA,NA,NA,34.2857142857143,28.4285714285714,NA,NA,NA,NA,NA
"144",36,9,2021,"Cook",7.6992125984252,"Chicago",80.1904761904762,60.9047619047619,7.68,0.0257142857142857,NA,NA,NA,36.8571428571429,34.8571428571429,NA,NA,NA,NA,NA
"145",37,9,2018,"Cook",8.89197860962567,"Chicago",81.2857142857143,60.2857142857143,5.10142857142857,0,NA,NA,NA,NA,38.6666666666667,NA,NA,NA,NA,NA
"146",37,9,2019,"Cook",9.43824362606232,"Chicago",81.6666666666667,65.0476190476191,8.38380952380952,0.366666666666667,NA,NA,NA,47.8571428571429,32.4285714285714,NA,NA,NA,NA,NA
"147",37,9,2020,"Cook",6.41120448179272,"Chicago",72,58.9523809523809,7.98761904761905,0.133333333333333,NA,NA,NA,30.8571428571429,20.2857142857143,NA,NA,NA,NA,NA
"148",37,9,2021,"Cook",8.91463878326996,"Chicago",84.3809523809524,63.2380952380952,7.84,0.000952380952380952,NA,NA,NA,NA,41.1428571428571,NA,NA,NA,NA,NA
"149",38,9,2018,"Cook",7.56649746192893,"Chicago",79.4761904761905,60.8095238095238,8.0847619047619,0.0228571428571429,NA,NA,NA,NA,29.8571428571429,NA,NA,NA,NA,NA
"150",38,9,2019,"Cook",11.1482954545455,"Chicago",80.2380952380952,65.6666666666667,7.47714285714286,0.189047619047619,NA,NA,NA,NA,38.5714285714286,NA,NA,NA,NA,NA
"151",38,9,2020,"Cook",9.30911680911681,"Chicago",72.6190476190476,51.9523809523809,7.76571428571429,0,NA,NA,NA,28.5714285714286,31.8571428571429,NA,NA,NA,NA,NA
"152",38,9,2021,"Cook",6.23441682600382,"Chicago",77.7619047619048,61.7619047619048,10.0761904761905,0.125238095238095,NA,NA,NA,NA,35.2857142857143,NA,NA,NA,NA,NA
"153",39,9,2018,"Cook",4.95953757225434,"Chicago",68.4761904761905,50.8571428571429,6.98809523809524,0.08,NA,NA,NA,34.7142857142857,21.7142857142857,NA,NA,NA,NA,NA
"154",39,9,2019,"Cook",6.85817174515235,"Chicago",74.7142857142857,59.9523809523809,10.0033333333333,0.357142857142857,NA,NA,NA,31.8571428571429,30.1428571428571,NA,NA,NA,NA,NA
"155",39,9,2020,"Cook",10.0441595441595,"Chicago",74,55.2857142857143,8.77714285714286,0.0614285714285714,NA,NA,NA,40.2857142857143,28.8571428571429,NA,NA,NA,NA,NA
"156",39,9,2021,"Cook",6.45969289827255,"Chicago",79.1904761904762,56.2380952380952,8.89571428571429,0.0180952380952381,NA,NA,NA,31.4285714285714,39.7142857142857,NA,NA,NA,NA,NA
"157",40,9,2020,"Cook",6.91638888888889,"Chicago",61.9047619047619,44.6190476190476,8.79857142857143,0.05,NA,NA,NA,18,23,NA,NA,NA,NA,NA
"158",40,10,2018,"Cook",4.48918918918919,"Chicago",71.5263157894737,56.3684210526316,9.2178947368421,0.515263157894737,6570.01015625,3724.9984375,2678.7296875,44.4285714285714,18.2857142857143,NA,NA,NA,NA,NA
"159",40,10,2019,"Cook",5.56704871060172,"Chicago",69.9523809523809,53.0952380952381,9.01142857142857,0.235238095238095,6321.55158730159,3717.55238095238,2899.60634920635,31.8571428571429,26.1428571428571,NA,NA,NA,NA,NA
"160",40,10,2021,"Cook",9.38956356736243,"Chicago",75.4761904761905,64.7142857142857,7.52,0.119047619047619,3543.6746031746,2286.61349206349,1568.50714285714,42.2857142857143,28.2857142857143,NA,NA,NA,NA,NA
"161",41,10,2018,"Cook",7.75608465608466,"Chicago",64.2380952380952,47.4761904761905,9.63,0.13047619047619,NA,NA,NA,35.7142857142857,23,NA,NA,NA,NA,NA
"162",41,10,2019,"Cook",6.97514285714286,"Chicago",63.3809523809524,43.0952380952381,9.07380952380952,0.103333333333333,NA,NA,NA,27,31.8571428571429,NA,NA,NA,NA,NA
"163",41,10,2020,"Cook",9.57555555555555,"Chicago",73.2857142857143,50.6666666666667,9.35285714285714,0.0247619047619048,NA,NA,NA,37.7142857142857,28.5714285714286,NA,NA,NA,NA,NA
"164",41,10,2021,"Cook",10.2239005736138,"Chicago",74.7619047619048,60.2857142857143,7.30761904761905,0.228571428571429,NA,NA,NA,43.5714285714286,28.4285714285714,NA,NA,NA,NA,NA
"165",42,10,2018,"Cook",4.58440860215054,"Chicago",53.5238095238095,35.1904761904762,10.5238095238095,0.02,NA,NA,NA,26.7142857142857,22.4285714285714,NA,NA,NA,NA,NA
"166",42,10,2019,"Cook",8.79438202247191,"Chicago",61.4761904761905,43.3809523809524,9.39476190476191,0.01,NA,NA,NA,27,24.7142857142857,NA,NA,NA,NA,NA
"167",42,10,2020,"Cook",8.09404388714734,"Chicago",60.8095238095238,39.3809523809524,10.4290476190476,0.0552380952380952,NA,NA,NA,16.1428571428571,25,NA,NA,NA,NA,NA
"168",42,10,2021,"Cook",7.1911877394636,"Chicago",67.6190476190476,46.7619047619048,7.71142857142857,0.00142857142857143,NA,NA,NA,32.1428571428571,26.7142857142857,NA,NA,NA,NA,NA
"169",43,10,2018,"Cook",7.88888888888889,"Chicago",54.5714285714286,39.7619047619048,6.59333333333333,0.0185714285714286,NA,NA,NA,31.8571428571429,17,NA,NA,NA,NA,NA
"170",43,10,2019,"Cook",8.4631884057971,"Chicago",52.8571428571429,40.7619047619048,8.4152380952381,0.317619047619048,NA,NA,NA,25.7142857142857,17.4285714285714,NA,NA,NA,NA,NA
"171",43,10,2020,"Cook",8.89914040114613,"Chicago",54.2857142857143,39.0952380952381,8.99047619047619,0.402380952380952,NA,NA,NA,20.7142857142857,17.2857142857143,NA,NA,NA,NA,NA
"172",43,10,2021,"Cook",5.63707224334601,"Chicago",55.5714285714286,42,8.74428571428571,0.44047619047619,NA,NA,NA,26.8571428571429,19.8571428571429,NA,NA,NA,NA,NA
"173",44,10,2018,"Cook",7.1328125,"Chicago",55.2857142857143,41.9523809523809,8.47809523809524,0.162380952380952,NA,NA,NA,43,15,NA,NA,NA,NA,NA
"174",44,10,2019,"Cook",6.78171428571429,"Chicago",45.3333333333333,31.3333333333333,10.2685714285714,0.141428571428571,NA,NA,NA,27.3333333333333,17.3333333333333,NA,NA,NA,NA,NA
"175",44,10,2020,"Cook",9.98697068403909,"Chicago",54.2857142857143,31.4285714285714,10.9395238095238,0.000476190476190476,NA,NA,NA,24,21.25,NA,NA,NA,NA,NA
"176",44,10,2021,"Cook",6.56506717850288,"Chicago",51.3809523809524,37.2857142857143,8.44619047619048,0.090952380952381,NA,NA,NA,31,20.6666666666667,NA,NA,NA,NA,NA
"177",45,11,2018,"Cook",6.58524590163934,"Chicago",42.2380952380952,31.3809523809524,10.5780952380952,0.0704761904761905,NA,NA,NA,28.4285714285714,NA,NA,NA,NA,NA,NA
"178",45,11,2019,"Cook",8.09916666666667,"Chicago",41,24.7619047619048,10.3971428571429,0.0252380952380952,NA,NA,NA,20.2857142857143,19.1428571428571,NA,NA,NA,NA,NA
"179",45,11,2020,"Cook",11.9794612794613,"Chicago",74.0476190476191,51.5714285714286,11.3019047619048,0.0823809523809524,NA,NA,NA,18.1428571428571,NA,NA,NA,NA,NA,NA
"180",45,11,2021,"Cook",14.0921305182342,"Chicago",59.4285714285714,39.1904761904762,8.79904761904762,0.0633333333333333,NA,NA,NA,46.8571428571429,NA,NA,NA,NA,NA,NA
"181",46,11,2018,"Cook",10.0926640926641,"Chicago",35.9047619047619,24.8095238095238,7.38190476190476,0.0271428571428571,NA,NA,NA,40.2857142857143,NA,NA,NA,NA,NA,NA
"182",46,11,2019,"Cook",15.0221902017291,"Chicago",34.1428571428571,22.2380952380952,7.27476190476191,0.00523809523809524,NA,NA,NA,32.1428571428571,14.4285714285714,NA,NA,NA,NA,NA
"183",46,11,2020,"Cook",11.1781914893617,"Chicago",48.7619047619048,31.4285714285714,11.0138095238095,0.0452380952380952,NA,NA,NA,11,NA,NA,NA,NA,NA,NA
"184",46,11,2021,"Cook",6.80263157894737,"Chicago",45.1428571428571,33.7142857142857,11.302380952381,0.0328571428571429,NA,NA,NA,28.7142857142857,NA,NA,NA,NA,NA,NA
"185",47,11,2018,"Cook",11.2950724637681,"Chicago",40.9047619047619,31.4285714285714,10.6828571428571,0.161428571428571,NA,NA,NA,NA,16.7142857142857,NA,NA,NA,NA,NA
"186",47,11,2019,"Cook",12.2179372197309,"Chicago",47.1428571428571,33.4761904761905,7.56333333333333,0.07,NA,NA,NA,38,NA,NA,NA,NA,NA,NA
"187",47,11,2020,"Cook",11.5308771929825,"Chicago",52.2380952380952,37.8571428571429,9.93809523809524,0.0657142857142857,NA,NA,NA,34.4285714285714,NA,NA,NA,NA,NA,NA
"188",47,11,2021,"Cook",9.64510556621881,"Chicago",46.8571428571429,28.4761904761905,10.4280952380952,0.00666666666666667,NA,NA,NA,27.8571428571429,NA,NA,NA,NA,NA,NA
"189",48,11,2018,"Cook",13.8546623794212,"Chicago",36.4285714285714,26.7142857142857,8.59714285714286,0.201428571428571,NA,NA,NA,NA,11.8,NA,NA,NA,NA,NA
"190",48,11,2019,"Cook",7.72639691714836,"Chicago",43.5238095238095,32.6190476190476,10.6319047619048,0.133333333333333,NA,NA,NA,26.6,NA,NA,NA,NA,NA,NA
"191",48,11,2020,"Cook",7.21095100864553,"Chicago",44.4761904761905,33.7619047619048,10.0671428571429,0.0619047619047619,NA,NA,NA,32.1666666666667,NA,NA,NA,NA,NA,NA
"192",48,11,2021,"Cook",7.21007957559682,"Chicago",45.3333333333333,29.8571428571429,8.58666666666667,0,NA,NA,NA,24.4,NA,NA,NA,NA,NA,NA
"193",49,12,2018,"Cook",10.5644886363636,"Chicago",32.2380952380952,22.1904761904762,7.9247619047619,0.000476190476190476,NA,NA,NA,28.7142857142857,16,NA,NA,NA,NA,NA
"194",49,12,2019,"Cook",11.0292635658915,"Chicago",43.8095238095238,28.3333333333333,9.82142857142857,0.00476190476190476,NA,NA,NA,24.5714285714286,NA,NA,NA,NA,NA,NA
"195",49,12,2020,"Cook",12.2394957983193,"Chicago",41.8571428571429,30.1904761904762,6.94571428571429,0,NA,NA,NA,38.4285714285714,NA,NA,NA,NA,NA,NA
"196",49,12,2021,NA,NA,NA,40.2380952380952,25.952380952381,8.86190476190476,0.0285714285714286,NA,NA,NA,26.6666666666667,NA,NA,NA,NA,NA,NA
"197",50,12,2018,"Cook",21.2019178082192,"Chicago",42.9523809523809,25.2380952380952,6.80761904761905,0.0371428571428571,NA,NA,NA,68.2857142857143,12,NA,NA,NA,NA,NA
"198",50,12,2019,"Cook",13.9326959847036,"Chicago",33.5238095238095,21.5238095238095,8.46809523809524,0.000476190476190476,NA,NA,NA,36,NA,NA,NA,NA,NA,NA
"199",50,12,2020,"Cook",14.8424068767908,"Chicago",42.8095238095238,27.7619047619048,8.63809523809524,0.227619047619048,NA,NA,NA,45,NA,NA,NA,NA,NA,NA
"200",50,12,2021,NA,NA,NA,57.3809523809524,34.8571428571429,13.1542857142857,0.128571428571429,NA,NA,NA,33.3333333333333,NA,NA,NA,NA,NA,NA
"201",51,12,2018,"Cook",11.928611898017,"Chicago",43.6190476190476,30,8.92666666666667,0.0157142857142857,NA,NA,NA,44.1428571428571,14.2857142857143,NA,NA,NA,NA,NA
"202",51,12,2019,"Cook",17.0483146067416,"Chicago",41.4761904761905,23.7619047619048,8.14952380952381,0,NA,NA,NA,41.4285714285714,NA,NA,NA,NA,NA,NA
"203",51,12,2020,"Cook",14.8847058823529,"Chicago",40.1428571428571,30.1904761904762,9.21428571428571,0,NA,NA,NA,41.7142857142857,NA,NA,NA,NA,NA,NA
"204",51,12,2021,NA,NA,NA,40.3809523809524,26.7142857142857,8.99,0.00666666666666667,NA,NA,NA,34,NA,NA,NA,NA,NA,NA
"205",52,12,2018,"Cook",12.7801136363636,"Chicago",43.2857142857143,27.3333333333333,9.18190476190476,0.0904761904761905,NA,NA,NA,NA,17.2857142857143,NA,NA,NA,NA,NA
"206",52,12,2019,"Cook",12.3980769230769,"Chicago",52.7142857142857,33.8571428571429,9.88428571428572,0.168571428571429,NA,NA,NA,38.2857142857143,NA,NA,NA,NA,NA,NA
"207",52,12,2020,"Cook",9.07894736842105,"Chicago",36.55,18,11.799,0.056,NA,NA,NA,23.7142857142857,NA,NA,NA,NA,NA,NA
"208",52,12,2021,NA,NA,NA,45.3333333333333,30.1904761904762,7.72142857142857,0.142380952380952,NA,NA,NA,34.2857142857143,NA,NA,NA,NA,NA,NA
"209",53,12,2018,"Cook",9.87962962962963,"Chicago",40,31.6666666666667,8.87333333333333,0.77,NA,NA,NA,32,NA,NA,NA,NA,NA,NA
"210",53,12,2019,"Cook",4.97123287671233,"Chicago",29,25,14.3933333333333,0.0266666666666667,NA,NA,NA,NA,NA,NA,NA,NA,NA,NA
"211",53,12,2020,"Cook",13.8255102040816,"Chicago",32.6666666666667,23.1666666666667,8.87333333333333,0.111666666666667,NA,NA,NA,37,NA,NA,NA,NA,NA,NA
"212",53,12,2021,NA,NA,NA,43.6666666666667,33.3333333333333,7.53333333333333,0,NA,NA,NA,33,NA,NA,NA,NA,NA,NA
